id,name,raw_text
1,,"2025년 스타벅스 청년인재 11기 모집 안내
스타벅스 청년인재 양성 프로그램은 2015년 1기 선발을 시작으로 매년 우수한 청년인재를 선발하여 총
101명의 청년인재에게 장학금 지원 및 다양한 리더십 양성 프로그램을 제공하고 있습니다. 스타벅스의 대표
사회공헌활동인 본 프로그램에 적극적으로 참여할 수 있는 청년들의 많은 지원 부탁드립니다.
1. 모집개요
가. 사 업 명: 2025 스타벅스 청년인재 양성 프로그램
나. 목 적: 자신의 꿈과 가치 있는 일을 위해 온 마음을 쏟을 준비가 된 청년들을 선발하여 다
양한 지원과 기회 제공을 통해 인재를 양성하고자 함
다. 선발인원: 총 00명(선발인원 수는 상황에 따라 최종 확정 예정)
라. 지원내용 및 선발자 특전
1) 장학금 지급: 연간 600만원
- 학기당 300만원(최대 7학기/1학년 2학기부터)
- 국가장학금 및 교내장학금과 중복수혜 가능
- 타 기업 장학금 중복수혜는 조건부 승인
- 매 학기 적격여부 심사
2) 청년인재 양성 프로그램 진행(유스리더십캠프, 멘토링 봉사활동, 세미나 등)
3) 연 1회 우수 활동자 선발, 스타벅스 지원센터 인턴십 및 글로벌 체험 기회 제공
마. 지원대상(아래 사항을 모두 충족한 자)
1) 2025년도 대학 신입생
2) 법정빈곤세대 및 일반저소득세대
- 수급자, 차상위, 일반저소득 가정(중위소득 70% 내외)
3) 연 1회 발대식 및 유스리더십캠프(2025년 6월 말 예정 / 1박 2일)에 필수 참여 가능한 학생
4) 연 4회 이상 멘토링 프로그램에 필수 참여 가능한 학생
5) 스타벅스 커뮤니티 스토어 등에서 진행되는 청년인재 양성 프로그램 활동에 필수 참여 가능
한 학생
바. 선발일정
모집 및 서류전형 발대식 및 캠프
면접전형 최종발표
서류제출 합격자 발표 (최종합격자에 한함)
2025. 3. 27.(목) 2025년 6월 말
2025. 5. 2.(금) 2025. 5. 13.(화) 2025. 5. 22.(목)
~ 4. 16.(수) 1박 2일 진행 예정
* 면접전형: 2025. 5. 13.(화) / 스타벅스 지원센터 (서울 중구 소재)
* 위 일정은 주최 측 사정에 따라 변경될 수 있음
- 1 -
2. 접수안내
가. 접수기한: 2025. 4. 16.(수) 15:00 (기한 내 접수 서류만 심사)
나. 제 출 처: 초록우산 사회공헌협력본부 이메일(cfsocial@childfund.or.kr)
1) 스타벅스 청년인재 11기 모집 홈페이지:www.starir.co.ksyouthleaders.co.kr)에서 서식 다운로드 가능
2) 하단의 접수서류 목록 참고하여 해당 서류 누락 없이 제출 요망
다. 접수서류 목록
구분 접수서류
 필수 (총 5부) 스타벅스 청년인재양성 프로그램 신청서(서식 1호〕1부
 자기소개서(서식 2호〕1부
 개인정보 수집 및 이용/초상권 동의서 [서식 3, 4호] 1부
 주민등록등본(주민번호 뒷자리 가림 요망) 1부
 대학 합격을 증명할 수 있는 자료 1부 - 합격확인증명서, 등록금 고지서, 등록금 납입 확인서 등
 선택 (해당 사항에 따라) 수급자증명서 1부
 차상위 확인 가능 서류 1부
 일반저소득 증빙서류 2부
 재능 관련 증빙 서류 - 관련 자격증, 입상증명서, 상장, 성적표, 학교 생활기록부 등
라. 법정빈곤세대 및 일반저소득세대 증빙 서류
구분 증빙서류 발급기관
 국민기초생활수급자 국민기초생활수급자 증명서 주민센터
 차상위계층 (택1) 한부모가족 증명서 주민센터
 (경증)장애수당, 장애아동수당 수급자 확인서 주민센터
 차상위 본인부담경감대상자 증명서(차상위계층 확인서) 주민센터
 일반저소득가정 (총 2부) - 소득 관련 증빙서류 : 건강보험료 납부확인서(2024년 1년분) 1부 필수 (근로소득원천징수영수증, 소득금액증명서, 급여내역서 등 증빙이 더 필요한 경우, 추가 제출 가능) 해당기관
 - 주거 관련 증빙서류 중 택 1 : 임대차 계약서, 무료임대 확인서 등 해당기관
마. 비 고: 심사내용 및 점수는 비공개이며, 제출 서류는 일체 반환하지 않음
바. 문 의: 초록우산 스타벅스 청년인재양성 프로그램 담당자 / 02-799-0458
스타벅스 커뮤니티 스토어는 지역사회의 긍정적 변화와 장기적 발전에 기여하기 위해 매장 수익금 일부를 환
원하는 스타벅스의 글로벌 사회공헌 모델입니다. 한국 스타벅스는 8개의 커뮤니티 스토어를 운영하고 있으며,
이 중 1호점(대학로점), 2호점(성수역점)에서 판매되는 모든 품목당 300원을 적립, 초록우산에 기부하여 청년 인재
들의 장학금과 리더십 육성 프로그램에 사용하고 있습니다.
- 2 -"
2,,"2025년 스타벅스 청년인재 11기 모집 안내
스타벅스 청년인재 양성 프로그램은 2015년 1기 선발을 시작으로 매년 우수한 청년인재를 선발하여 총
101명의 청년인재에게 장학금 지원 및 다양한 리더십 양성 프로그램을 제공하고 있습니다. 스타벅스의 대표
사회공헌활동인 본 프로그램에 적극적으로 참여할 수 있는 청년들의 많은 지원 부탁드립니다.
1. 모집개요
가. 사 업 명: 2025 스타벅스 청년인재 양성 프로그램
나. 목 적: 자신의 꿈과 가치 있는 일을 위해 온 마음을 쏟을 준비가 된 청년들을 선발하여 다
양한 지원과 기회 제공을 통해 인재를 양성하고자 함
다. 선발인원: 총 00명(선발인원 수는 상황에 따라 최종 확정 예정)
라. 지원내용 및 선발자 특전
1) 장학금 지급: 연간 600만원
- 학기당 300만원(최대 7학기/1학년 2학기부터)
- 국가장학금 및 교내장학금과 중복수혜 가능
- 타 기업 장학금 중복수혜는 조건부 승인
- 매 학기 적격여부 심사
2) 청년인재 양성 프로그램 진행(유스리더십캠프, 멘토링 봉사활동, 세미나 등)
3) 연 1회 우수 활동자 선발, 스타벅스 지원센터 인턴십 및 글로벌 체험 기회 제공
마. 지원대상(아래 사항을 모두 충족한 자)
1) 2025년도 대학 신입생
2) 법정빈곤세대 및 일반저소득세대
- 수급자, 차상위, 일반저소득 가정(중위소득 70% 내외)
3) 연 1회 발대식 및 유스리더십캠프(2025년 6월 말 예정 / 1박 2일)에 필수 참여 가능한 학생
4) 연 4회 이상 멘토링 프로그램에 필수 참여 가능한 학생
5) 스타벅스 커뮤니티 스토어 등에서 진행되는 청년인재 양성 프로그램 활동에 필수 참여 가능
한 학생
바. 선발일정
모집 및 서류전형 발대식 및 캠프
면접전형 최종발표
서류제출 합격자 발표 (최종합격자에 한함)
2025. 3. 27.(목) 2025년 6월 말
2025. 5. 2.(금) 2025. 5. 13.(화) 2025. 5. 22.(목)
~ 4. 16.(수) 1박 2일 진행 예정
* 면접전형: 2025. 5. 13.(화) / 스타벅스 지원센터 (서울 중구 소재)
* 위 일정은 주최 측 사정에 따라 변경될 수 있음
- 1 -
2. 접수안내
가. 접수기한: 2025. 4. 16.(수) 15:00 (기한 내 접수 서류만 심사)
나. 제 출 처: 초록우산 사회공헌협력본부 이메일(cfsocial@childfund.or.kr)
1) 스타벅스 청년인재 11기 모집 홈페이지:www.starir.co.ksyouthleaders.co.kr)에서 서식 다운로드 가능
2) 하단의 접수서류 목록 참고하여 해당 서류 누락 없이 제출 요망
다. 접수서류 목록
구분 접수서류
 필수 (총 5부) 스타벅스 청년인재양성 프로그램 신청서(서식 1호〕1부
 자기소개서(서식 2호〕1부
 개인정보 수집 및 이용/초상권 동의서 [서식 3, 4호] 1부
 주민등록등본(주민번호 뒷자리 가림 요망) 1부
 대학 합격을 증명할 수 있는 자료 1부 - 합격확인증명서, 등록금 고지서, 등록금 납입 확인서 등
 선택 (해당 사항에 따라) 수급자증명서 1부
 차상위 확인 가능 서류 1부
 일반저소득 증빙서류 2부
 재능 관련 증빙 서류 - 관련 자격증, 입상증명서, 상장, 성적표, 학교 생활기록부 등
라. 법정빈곤세대 및 일반저소득세대 증빙 서류
구분 증빙서류 발급기관
 국민기초생활수급자 국민기초생활수급자 증명서 주민센터
 차상위계층 (택1) 한부모가족 증명서 주민센터
 (경증)장애수당, 장애아동수당 수급자 확인서 주민센터
 차상위 본인부담경감대상자 증명서(차상위계층 확인서) 주민센터
 일반저소득가정 (총 2부) - 소득 관련 증빙서류 : 건강보험료 납부확인서(2024년 1년분) 1부 필수 (근로소득원천징수영수증, 소득금액증명서, 급여내역서 등 증빙이 더 필요한 경우, 추가 제출 가능) 해당기관
 - 주거 관련 증빙서류 중 택 1 : 임대차 계약서, 무료임대 확인서 등 해당기관
마. 비 고: 심사내용 및 점수는 비공개이며, 제출 서류는 일체 반환하지 않음
바. 문 의: 초록우산 스타벅스 청년인재양성 프로그램 담당자 / 02-799-0458
스타벅스 커뮤니티 스토어는 지역사회의 긍정적 변화와 장기적 발전에 기여하기 위해 매장 수익금 일부를 환
원하는 스타벅스의 글로벌 사회공헌 모델입니다. 한국 스타벅스는 8개의 커뮤니티 스토어를 운영하고 있으며,
이 중 1호점(대학로점), 2호점(성수역점)에서 판매되는 모든 품목당 300원을 적립, 초록우산에 기부하여 청년 인재
들의 장학금과 리더십 육성 프로그램에 사용하고 있습니다.
- 2 -"
3,2025학년도 1학기 정암장학회 장학생 추천(보령 출신),"1. 추천인원: 2명
2. 장학금액: 생활비성 장학금 2백만원(학기당 1백만원)
3. 추천조건:
  가. 학부모 또는 본인이 지난 3년간 보령시에 주소가 등재되어 있어야 함
  나. 소득분위가 낮은 학생
  다. 성적이 우수한 학생
4. 제출서류:
  가. 지원서 및 자기소개서(첨부파일 1)
  나. 추천서(첨부파일 2)
  다. 장학금 수혜확인서(첨부파일 3)(총장 직인 제외하고 작성)
  라. 성적증명서, 재학증명서
  마. 보호자 주민등록등본 및 초본
  바. 학자금 지원구간 통지서
5. 제출방법: scholar2@yonsei.ac.kr 로 제출(제목: 정암 학번 학과 이름)
6. 제출기한: 2025년 4월 13일까지"
4,신문고장학금(재난) 신청 안내,"신문고장학금(재난)은 특별재난지역 선포 지역(울산광역시 울주군, 경상북도 의성군, 경상남도 산청군•하동군)에 발생한 산불로 경제적 어려움을 겪는 학부재학생들의 생활비 지원을 목적으로 합니다.(초과학기생 포함)
신문고장학금(재난) 신청을 원하시면 신문고 장학금 탭에 들어가 하단에 있는 등록버튼을 눌러 신청서를 작성하여주시기 바랍니다. (등록버튼을 눌러서 신청서 작성해야 장학금 신청 완료됨)
관련 제출서류는 scholar@yonsei.ac.kr로 보내주시기 바랍니다. 메일 발송 시 반드시 제목은 ‘신문고장학금(재난) 서류 제출(학번, 이름)’ 형식으로 기재하시기 바랍니다.
※ 신문고장학금(재난)은 생활비성 장학금입니다.
※ 신문고장학금(재난)은 학부생만을 대상으로 합니다. (휴학생, 대학원생 제외)
※ 신문고 게시판은 비공개가 원칙이기 때문에, 본인이 쓴 글만 볼 수 있습니다.
※ 대상피해: 본인 또는 부모에게 피해가 발생해 피해사실확인서가 발급되는 경우
※ 제출서류(필수제출)
1. 장학금 신청서를 작성한 화면을 캡쳐 또는 사진 촬영해서 파일로 제출
2. 가족관계증명서
3. 피해사실확인서(지자체발행)
※ 신문고장학금(재난) 신청 기간은 다음과 같습니다.
- 2025. 4. 1.(화) 오전10시 ~ 2025. 5. 15.(목) 오후5시"
5,2025학년도 연세 희망 동문 장학금 신청 안내,"아래와 같이 연세 희망 동문 장학생을 선발하오니 신청자는 아래 내용을 참고하여 지원하시기 바랍니다.
1. 장학금명 : 연세 희망 동문 장학금
2. 지원 대상 : 집안에서 최초로 대학 교육을 받는 학생(형제자매 및 부모님 최종학력: 고졸이하)
3. 지원 규모 : 총 2명, 4년간 정규학기 등록금 전액 지원
4. 지원 자격
  가. 2025학년도 학부 신입생 중 대한민국 국적자
  나. 부모 및 형제 자매 포함 가족 중 최초로 대학에 입학한 자
  다. 소득분위 확인이 가능한 자(2025학년도 1학기 국가장학금 신청자)
    ※ 신청 불가 대상
     - 재외국민/외국인 신입생
     - 편입생
     - 국가장학금 미신청자
5. 신청 기간 : 2025. 3. 26.(수) ~ 4. 18.(금) 오후 5시까지
6. 신청 방법 : 신청 서류 작성 후 이메일(scholar2@yonsei.ac.kr) 제출
 *신청 시 제목에 반드시 '2025학년도 연세 희망 동문 장학금 신청' 기재(미기재시 신청 명단에서 누락될 수 있음)
7. 제출 서류(첨부 파일)
  가. 연세 희망 동문 장학금 신청서 1부(별지 작성 가능)
  나. 사실 확인 서약서 1부
8. 결과 발표 : 2025년 4월 중 개별 통보
9. 유의사항
  가. 당해 학기 타 등록금성 장학금 중복 수혜 불가
  나. 집안 최초 대학교육 대상자가 사실이 아닌 경우 수혜 받은 장학금 전액 반환
  다. 계속 수혜 조건 미 충족 시 다음 학기 장학금 수혜 불가
      ※ 계속 수혜 조건 : 직전 학기 학업 성적 3.0 이상(4.3 만점), 12학점 이상 이수
 라. 계절학기 및 초과학기 등록금 지원 불가"
6,,"[붙임1] 대학생 멘토 선발 안내문(학생용)
2025년 『KT 랜선야학(��)』 서울지역 대학생 멘토 선발 안내문
KT그룹은 대학생의 경제적 지원과 청소년의 학습 능력 향상을 위한 비대면 학습
멘토링 프로그램을 추진하고 있습니다. 대학생에게는 지식과 경험을 나누는 가치 있
는 교육봉사활동 기회를 제공하고 청소년에게는 멘토링을 통한 학습결손 회복을 지원
합니다. 본 프로그램에 학습 멘토로 참여할 실력있고 책임감 있는 '대학생 멘토'의 많
은 지원을 부탁드립니다.
□ 추진목적
○ KT의 AICT역량에 기반하여 온라인 교육 플랫폼을 활용, 교육격차 해소 및 대학생에게
경제적 혜택 지원
- 정부 '학생교육안전망' 강화 방안에 따른 청소년의 학습 지원 및 교육격차 해소
- 대학생의 기초생계 및 자기계발 활동을 위한 활동비 지원
□ 프로그램 내용
○ 프로그램명 : KT랜선야학(��) 서울지역
○ 활동기간 : 2025년 5월~10월(5개월)
○ 교육대상 : 서울지역 중학생(300명) *서울시교육청 선발
○ 활 동 비 : 활동비 시간당 3만 원 (월 48만 원 내외)
○ 활동내용 : 대학생과 멘티 1:3 매칭, 소규모 그룹 온라인 학습지도
구분 세 부 내 용 일정
 O/T ○ 대학생 멘토 대상 활동 안내 4.30 (수) 예정
 학습 멘토링 ○ 랜선야학 전용 학습플랫폼을 활용한 온라인 학습 - 중학생 국어·영어·수학 중 2과목 이상 - 주 4시간, 2회 진행(멘티와 협의한 일정에 진행) ○ 교재 및 관계 형성을 위한 활동 지원 5.19(월) ~10.5(일)
 멘토 재량활동 ○ 그룹별 재량활동 시행(멘토 기획 or 프로그램 제공) - 관계 형성, 자기주도학습, 진로 방향 제시 등 월 1회
 AI코딩 교육 (희망자) ○ 희망 그룹(멘토·멘티)에 한해 특별교육 진행 - 멘토가 KT 온라인 AI코딩 교육 이수 후 진행 - 총 10주 교육 프로그램 *학습 멘토링과 별도 진행 7.21(월) ~9.26(금)
□ 대학생 멘토 선발 및 명단 제출 방법
○ 선발기준
- 본교 재학생 및 휴학생 ※ 신입생·졸업예정자는 지원 불가
- 중학생 국어·영어·수학 중 2과목 이상 학습지도 가능 학생
- 중학생 AI코딩 학습지도 희망 학생(*멘토 교육 제공)
- 최소 성적 기준 : 전체학기 평균 3.0/4.5 이상
- 청소년 대상 '학습지도' 유경험자 우대(교육봉사, 과외, 온라인 교육 등)
- 해당 활동 기간 동안 책임감 있고 성실하게 수행이 가능한 자
(2주 이상 해외체류자 활동 불가, 상시 연락수단 확보 필요)
*랜선야학 '멘티 및 멘토'로 참여 경험이 있는 대학생 우선 선발
□ 선발 및 지원 방법
○ 모집인원 : 학교별 예비 포함 15명 ※학교별 7명 이내 활동 예정
○ 선 발 : 대학 선정위원회에서 서류 심사 선발
○ 서류제출 : 학교별 제출 방법 명시
① 지원서 1,2,3 : 신청서, 자기소개서, 멘토 재량활동 계획(서명 생략 가능)
② 성적증명서 1부 (사진 및 스캔파일 제출)
○ 제출마감 : 2025.4.00.(요일) *학교별 일정 명시
○ 합격자 명단 통보 : 2025.4.25(금)예정 *개별 연락
□ 활동비 지급
○ 지원 내용 : 시간당 3만 원(월 48만 원 내외)
○ 지급 방법 : 서울시교육청에서 대학생 멘토에게 직접 지급
○ 지급 시기 : 분할 지급(1차-9월, 2차-12월 예정)
□ 문의
- 지원 문의 : 학교 담당자 연락처 기재
- 활동 문의 : KT그룹희망나눔재단 랜선야학 담당 02-3414-8946"
7,,"(재)인천인재평생교육진흥원 공고 제2025-017호
2025년도 재능인 장학생
선발 공고
2025년도 재단법인 인천인재평 생교육진흥원 재능인 장학생 선발을
아래와 같이 공고합니다.
2025년 3월 24일
재단법인 인천인재평생교육진흥원장
1. 장학생 선발인원 및 지급금액
선발대상 선발분야 선발인원 1인당 지급금액 총 지급급액
 고등학생 인문사회, 수학과학 5명 100만원 5,000천원
 대 학 생 문화예술, 체육, 기술기능 5명 200만원 10,000천원
 계 10명 - 15,000천원
※ 장학금 성격: 생활비성 장학금(한국장학재단 등 타 재단 장학금과 이중수혜 가능)
※ 계속지원 자격요건 충족 시, 대학 졸업까지 지원(장학생 선발 개요 참고)
2. 장학생 신청기한 및 방법
○ 신청기한: 2025. 4. 21.(월) ~ 5. 6.(화)까지
○ 신청방법: 진흥원 홈페이지(www.itle.or.kr) 접속 후 [장학사업-장학금
지원신청]을 클릭하여 온라인 신청
○ 진행절차
신청접수 ▶ 서류 · 면접심사 ▶ 선발심사 위원회 심의 결과발표 ▶ 장학금 지급
 4. 21.(월) ~ 5. 6.(화) 5. 7.(수) ~ 6. 16.(월) ※ 5.22.(목) 면접 6. 20.(금) <예정> ▶ 6. 25.(수) <18:00 예정> 6. 30.(월) <18:00 예정>
※ 모든 일정은 재단 사정에 따라 변경될 수 있음
※ 신청접수 마감 기한이 임박하여 홈페이지 동시접속 폭주로 인한 전산장애(지연,
오류 등)로 신청접수 미완료 시 책임은 본인에게 있음
※ 장학생 신청접수 관련 상담은 평일에만 가능(토/일요일 및 공휴일은 상담 불가)
- 1
3. 신청자격 및 구비서류: [붙임] 자료 참조
4. 선발원칙 및 지원자격 공통사항
① 선발원칙
O 장학생 신청 접수 시 지원자 본인 불찰(허위사실 기재, 필수정보
오기입, 서류미비 등)로 인한 선발심사 제외 및 불합격 처리에
대한 책임은 본인에게 있음
 온라인 접수 시 신청자가 작성한 내용으로 서류심사 실시
※ 제출된 증빙서류는 내용의 사실 여부 확인용도로만 활용
※ 장학금별 필수 제출서류 미비 시 심사 대상에서 제외(불합격 처리)
※ 결과발표 이후라도 허위사항 발견 시 선발 취소 처리
○ 장학생 신청접수 완료 후 내용 수정조치 불가
○ 동일년도 재단에서 실시하는 장학금 중복 선발 불가
○ 직전년도(2024) 재단 장학생은 선발 대상에서 후순위
○ 직전년도(2024) 재단 해외 프로그램(연수, 배낭연수, 봉사) 장학생은
선발 대상에서 제외함
○ 한 가구 내 2인 이상 지원 시 먼저 접수된 1인만을 심사
○ 장학금 2개 종 이상 동시지원 불가
② 지원자격
O 장학금 신청 공고일 기준 현재 본인 또는 부모의 주민등록 주소지가
인천광역시이며, 학교 정규학기 재학중인 자
※ 휴학생/재수생/수료생/초과학기 재학생 등은 선발심사에서 제외
※ 대학생은 장학금 지급 직전학기 12학점(4학년의 경우 9학점) 이상 이수자
○ 다음의 학교에 재학하는 자
- 고등학교 : 초중등교육법 제2조의 고등학교
- 대 학 교 : 고등교육법 제2조에 해당하는 학교
※ 'IGC 미래인재 장학금' 에 한하여 IGC 운영재단 입주대학 재학생을 지원자격 대상에 포함
- 2 -
붙임 재능인 장학생
□ 지원대상: 관내 고등학교 재학생, 관내·외 대학교 재학생
□ 신청자격: 다음 분야별 입상 성적이 있는 자
분 야 입 상 성 적
 인문·사회 국제대회 또는 정부, 지방자치단체 및 공공기관, 문화예술진흥원, 중앙언론사(종합지 및 공중파 방송)에서 주최 또는 주관하는 전국단위 국내대회에서 개인분야 3위, 단체분야 1위 이내의 성적을 득한 자
 수학·과학 국제대회 또는 정부, 지방자치단체 및 공공기관이 주최 또는 주관하는 수학올림피아드, 과학기술경진대회, 발명경진대회의 전국단위 국내대회에서 개인분야 3위, 단체분야 1위 이내의 성적을 득한 자
 문화예술 국제대회 또는 정부, 지방자치단체 및 공공기관, 문화예술진흥원, 중앙언론사(종합지 및 공중파 방송)에서 주최 또는 주관하는 전국단위 국내대회에서 개인분야 3위, 단체분야 1위 이내의 성적을 득한 자
 체육 국제대회 또는 정부, 지방자치단체 및 공공기관, 대한체육회에서 주최 또는 주관하는 전국단위 대회에서 개인분야 3위, 단체분야 1위 이내의 성적을 득한 자
 기술기능 국제대회 또는 정부, 지방자치단체 및 공공기관, 국제기능올림픽대회한국위원회가 주최 또는 주관하는 전국단위 국내대회에서 개인분야 3위, 단체분야 1위 이내의 성적을 득한 자
※ 입상성적은 개인분야, 단체분야에서 공고일로부터 1년 이내 입상한 대회를 말함
※ 단체분야 신청은 해당 팀에서 가장 크게 기여했다고 추천받은 1인만 신청가능
※ 단, 단체경기로만 대회를 참석해야하는 경우(축구, 농구, 배구, 하키 등)는 3위 이내의 성적을
거두어야 하며, 팀에서 크게 기여했다고 추천받은 1인만 신청가능
□ 추천권자: 고등학교 학교장, 대학 학과장, 지원 분야와 관련한 유관단체장
□ 지급금액
○ 고등학생: 학기당 100만원(학업장려금 50만원, 재능장려금 50만원)
○ 대 학 생: 학기당 200만원(학업장려금 100만원, 재능장려금 100만원)
① 학업장려금: 최초 선발 시 지급, 이후 계속장학생 요건 충족 시 매학기별 지급
② 재능장려금: 최초 선발 시 지급, 이후 계속장학생 요건 충족 시 매학기별 지급
□ 선발절차 및 심사기준
○ 선발절차: 접수 ▶ 서류심사 ▶ 면접(외부심사위원) ▶ 장학생 선발심사
위원회 심의 ▶ 확정
○ 심사기준
- 1차 서류심사: 수상실적(70%), 자기개발서(30%) 합산 선발인원 기준
분야별 2배수 선발 ※동점자 발생 시 가정형편이 순 우선 선발
- 2차 면접심사: 1차 심사 선발 대상 면접 심사채점표에 의한 면접 실시
- 최종선발: 2025년도 장학생 선발심사위원회 심의
※ 서류 및 면접 심사결과를 합산(각 50%씩 반영)하여 순위 결정
□ 지급내용
○ 선발 시부터 대학 4학년(대학생 정규학기 최대 8학기)까지 지속적으로
장학금 지급
○ 최초 선발된 장학생들에게는 학업 및 재능장려금이 지원되며,
이후 계속지원 장학생 유지 요건에 충족 시 그에 맞는 장학금을 지원
▶ 계속지원 장학생 지급조건
- 재단 장학금 규정 제13조(장학금 지급중단 및 반환)사유에 해당하지 않아야 함
1. 퇴학 또는 정학처분을 받았을 때
2. 휴학하였을 때(단, 복학하는 경우에는 계속 지급한다.)
3. 학업성적이 기준에 미달한 학기 (단, 향후 성적이 기준에 준하면 장학금 지급)
4. 고등학교 졸업 후 3년 이내에 대학에 진학하지 못하였을 때
(단, 질병 등 부득이한 사유로 진학하지 못한 경우 장학생 선발심사위원회의 심사를 거쳐 지급 할 수 있다)
5. 장학생이 장학금을 받기 위하여 허위 기재 등 사실이 밝혀진 때
6. 학생의 본분에 벗어난 행동으로 사회적 물의를 야기하였을 때
7. 기타 장학금 지급이 부적당하다고 이사장이 인정할 때
8. 재단의 요청에도 휴학증명서 제출 없이 자기성장기록카드, 성적증명서 2회 연속으로 미제출시
9. 장학생 및 보호자 모두 장학금 신청 공고일 3개월 이내 타·시도로 전출한 경우
- 장학생 또는 보호자의 주민등록등본 주소지가 인천광역시이면서
아래의 자격요건에 부합하는 자
① 학업장려금
구 분 내 용
 고등학생 인문·사회 - 직전학기 국어, 사회과목의 평균내신등급 2등급 이내
 수학·과학 - 직전학기 수학, 과학과목의 평균내신등급 2등급 이내
 문화예술 - 직전학기 전 과목 평균내신등급 6등급 이내
 체육 - 직전학기 전 과목 평균내신등급 6등급 이내
 기술기능 - 직전학기 전 과목 평균내신등급 6등급 이내
 대학생 인문·사회 - 선정 시와 관련된 학과를 전공하고 있으며, 직전학기 평점이 3.5이상 /4.5만점(3.3이상/4.3만점)
 수학·과학 - 선정 시와 관련된 학과를 전공하고 있으며, 직전학기 평점이 3.5이상 /4.5만점(3.3이상/4.3만점)
 문화예술 - 선정 시와 관련된 학과를 전공하고 있으며, 직전학기 평점이 2.5이상/4.5만점 (2.3이상/4.3만점)
 체육 - 선정 시와 관련된 학과를 전공하고 있으며, 직전학기 평점이 2.5이상/4.5만점 (2.3이상/4.3만점)
 기술기능 - 선정 시와 관련된 학과를 전공하고 있으며, 직전학기 평점이 2.5이상/4.5만점 (2.3이상/4.3만점)
※ 고등학교 졸업 후 대학으로 진학하는 학생은 선발당시와 관련된 분야의
전공할 경우에만 계속 장학생으로서의 자격 유지가 됨
※대학생의 경우 직전 정규학기 12학점(4학년 9학점) 이상 이수하여야 함
※대학교 신입생인 경우 고등학교 3학년 2학기 내신 성적으로 함
학과를
- 1 -
- 2 -
② 재능장려금
구 분 내 용
 공통사항 - 직전학기에 관련된 대회에 참가하여 다음의 성적을 거둔 경우 국제·전국대회에 참가하여 개인이나 단체전에서 3위 내 입상 지역·교내 대회 및 관련 공모전에서 개인이나 단체전에서 3위 내 입상
□ 구비서류
연번 제 출 서 류 발 급 처
 1 장학생 지원신청서 홈페이지 작성
 2 자기소개서 [서식 1]
 3 추천서 ※ 추천기관 직인 포함(서명 불가) [서식 2]
 4 재학증명서 소속학교
 5 대회 입상 확인증명서 또는 상장 사본 대회 주최측
 6 대회 수상 실적서 - 수상실적이 3개 이상일 때 가장 우수한 실적 3개만 기재) [서식 3]
 7 대회 개최 공고문(대회설명자료) - 대회 성격 및 규모와 주최·주관, 최고성적 등위, 수상자 현황 등의 내용 확인 가능한 증명자료(미제출 시 접수 불가) 대회 주최측
 8 해당자에 - 단체 대회 입상자 추천서(자율서식) 한함 소속 단체
 9 주민등록초본(부모 주민등록초본 제출 시 가족관계 증명서 추가 제출) 행정복지센터, 정부24
 10 보통예금통장 사본(부모명의 통장 제출시 가족관계증명서 추가 제출) -
※ 모든 서류는 공고일(3. 24.(월))이후 발급분에 한하여 유효함
※ 동점자 발생 시 심사에 필요한 추가 증빙서류 요구할 수 있음
※ 제출된 서류 일체 반환 불가
[서식 1]
※ 본 자기개발서는 재능인 장학생 선발을 위한 심사 시 중요한 자료로 활용되오니 본인의 사실만을 정직하게
기술하시기 바랍니다. [※ '포트폴리오'를 제외한 자기소개서 항목 당 최소 800자 이상 작성(맑은고딕
10pt 지정)] ※ 접수분야는 서류 심사에 따라 변경될 수 있습니다.
자 기 개 발 서
성 명  접수분야 
 학 교  학 과 
 장학금 활 용 ■ 재능인 장학금 활용 목적에 대해 구체적으로 서술하시오.(800자 이상)
 재 능 ■ 재능을 발휘하여 이룬 성과와 재능 개발 계획에 대해 구체적으로 서술하시오.(800자 이상)
- 3 -
- 4 -
목 표 및 의 지 ■ 본인의 재능분야에서 이루고자하는 목표에 대해 서술하시오.(800자 이상)
 
 공공성 ■ 본인의 재능을 가지고 인천에 기여할 수 있는 방안에 대해 서술하시오.(800자 이상)
 
 포 트 폴리오 ■ 본인의 재능에 관련된 내용을 자유롭게 서술하시오.(자유 형식)
[서식 2]
장 학 생 추천서
인적사항
□
성 명 생년월일 
 학 교 주 소 
 학 년 학과(반)
위 학생을 귀 재단의 재능인 장학생 후보자로 추천합니다.
2025 ·
○ ○ ○ 학교장 또는 학과장 또는 유관단체장
직인
재단법인 인천인재평생교육진흥원장 귀하
- 5 -
- 6 -
[서식 3]
대회 수상 실적서
번호 참가구분 (개인, 단체) 입상 년 월 일 대 회 명 (공식명칭) 수상실적 (등위) 비 고 (단체의 경우 팀원 모두 기재)
 1     
 2     
 3
※ 1. 수상실적에는 1등 2등 3등으로 기재(대상, 최우수상, 금상, 은상, 동상 시 - 대상 1위고 금상 3위임)
2. 가장 수상실적이 우수한 3개만 기재
3. 관련 증빙자료 및 대회 개요 · 요강을 확인할 수 있는 자료 첨부 요망
(참가한 대회의 성격 및 규모와 주최주관, 최고성적 등위, 수상자 현황 등을 확인할 수 있는 증명자료
- 공고문 및 대회요강, 대회결과 등)
2025년 월 일 
 소속 학교 학년
 작성자 성명 (인)
재단법인 인천인재평생교육진흥원장 귀하
- 7 -"
8,,"【 별지 1 호 】
장학금 지원신청서
신청년도   (사 진)
 성 명 한 글  한 문 
 영 문  성 별 
 주민등록번호  나 이 ( 만 세 )
 연 락 처 현 주 소 
 우편물 받을 주소 
 전 화  핸 드 폰 
 E-mail 
  미필( ) 사유 :
병 역 필( ) 제대 군별 구분 병과 계급
 면제( ) 사유 :
 학 교 학 교 명 입학년월 
 학 과 학년/학기 (※ 진학학년 기준)
 소 재 지 
 학교, 산업체등 타기관 장학금 기 관 명 수 혜 기 간 장 학 금 총 액
  년 천원
 년 천원
 합 계 천원
 보 호 자 소속(근무처) 직 위 성 명 전 화 번 호 관 계
   
 특기사항 취미/특기 교내외활동 
 상기 기재된 사항이 사실임을 확인하며 장학금 지원신청서를 년 월 일 신 청 자 (인)
 첨부서류 1. 지원신청서(소정양식). 1매 2. 총/학장 추천서 1매 3. 서약서(소정양식). 1매 4. 가족관계증명서 1매 5. 신청자 이력사항(소정양식). 1매 6. 자기소개 및 학업계획서(소정양식).. 1매 제출합니다. 7. 성적증명서 1매 8. 개인정보활용동의서(소정양식), 1매 9. 소득분위확인서 또는 건강보험료 납부확인서. 1매 10. 본인 명의 통장사본.. 1매
【 별지 2 호 】
장학생 서약서
본인은 인탑스평산장학재단의 ( )년도 선발 장학생으로 귀 재단의 장학
지원사업 관리규정 및 다음사항을 준수하고 이를 위반하였을 경우에는 장학금 중
지 등의 조치에 이의가 없음을 서약합니다.
1. 나는 인탑스평산장학생임을 명심하고 수학목적을 충실히 성취할 것이며 생
활면에서도 타의 모범이 되도록 최선을 다하겠습니다.
2. 나는 재학중 인탑스평산장학생으로 선발된 자긍심을 갖고 우수한 학업성과
를 달성하기 위하여 부단히 노력하겠습니다.
3. 나는 재학기간 중 귀 재단의 지도사항 및 장학지원사업 관리규정을 성실히
이행하겠습니다.
년 월 일
위 장학생 : (인)
 보 호 자 : (인)
재단법인 인탑스평산장학재단 이사장 귀하
【 별지 3 호 】
신청자 이력사항
1. 학력(최근부터 역순으로 고등학교까지 기재)
기 간 학 교 명 전 공 분 야
주 1) 기간은 시작년월부터 종료년월까지 기재(예 : '23.3~ '23.7)
2) 해외학교는 소재지를 별도 기재(예 : 미국 캘리포니아 등)
2. 가족사항
관 계 성 명 생년월일 직 장 명 직 위 비 고
3. 외부 장학금 수혜실적
정부 부처(산하기관 포함) 또는 산업체 등 외부기관의 장학금 수혜여부
기 관 명 
 장 학 금 액 총 액  년 간 
 수 혜 기 간 
 주요협약내용 (의무조건 등)
주 1) 관련 증빙서류 별도 첨부
2) 수혜기관이 다수인 경우 각각에 대해 작성함.
4. 학부 취득 성적
성 적 득점 만점 1학년 2학년 3학년 4학년 평균평점 환산점수
 1학기 2학기 1학기 2학기 1학기 2학기 1학기 2학기
 학 사         / 
 편 입         /
주) 환산점수는 백분율로 표시된 점수를 기재
【 별지 4 호 】
자기소개 및 학업계획서
성 명  학 교 명 
 전공학과 
 (1) 자기소개
 (2) 진학동기 및 학업목표
 (3) 학위취득 후 진로계획
 (4) 기타
개인정보 수집 및 활용등에 관한 동의서
대상자 :
장학생 ( 년 월 일생)
본 동의서는 대상자가 재단법인 인탑스평산장학재단의 장학생으로 선정 될 경우, 이에 대한 장학금
지급 등 관련 업무를 진행하기 위해 개인정보 수집 등을 이용함에 대해 동의합니다.
상기 대상자가 미성년자일 경우에는 법정대리인에게 대상자의 개인정보 수집 및 이용에 대한 동의
와 법정대리인의 개인정보 수집 및 이용에 대한 동의를 구합니다.
따라서 법정대리인의 지위를 알 수 있는 서류(주민등록등본 또는 가족관계증명원) 및 장학급 지급
계좌 사본을 첨부합니다.
* 첨부서류 : 주민등록등본 또는 가족관계증명원 1부, 통장사본 1부
※ 또한 장학생으로 선정 되지 않는 경우, 어떠한 이의도 제기하지 않을 것임을 서약합니다.
년 월 일
대상자
성 명 :
연락처 :
( 년 월 일생) (서명/날인)
동의자
대상자의 법정대리인 :
법정대리인 연락처 :
( 년 월 일생) (서명/날인)
재단법인 인탑스평산장학재단 귀중"
9,,"『현대차 정몽구 스칼러십』
2025 미래산업 스칼러십 학부/대학원 장학생 선발
현대차 정몽구 재단은 미래산업 스칼러십 장학사업을 통해 지능정보기술, 바이오헬스, 기후기술 및 에너지 등
미래산업 분야를 연구하고자 하는 대학(원)생을 선발, 지원하여 4차 산업혁명 시대를 이끌어 나갈 인재를 육성하고 있
습니다.
▶ 장학생 지원
。 등록금 전액 및 학습지원비 240만 원(학기당)
。 국제 학술대회 장학금
。 해외 진출 장학생 장학금
。 글로벌 우수 장학금
。 재단 장학생 네트워킹 프로그램
▶ 선발 요강
。 지원 자격
공통 - 선발일 기준 대한민국 국적 보유자 - 학자금 대출 및 등록금 감면 형태의 모든 타 기관 장학금 중복수혜 불가 ※ 단, BK21 연구장학금, RA/TA 장학금 등 예외사항 중복수혜 가능 - 소득기준 : 가구 중위소득 150% 이하(한국장학재단 소득구간 : 7구간 이하)
 학부 - 재단 지정 대학 2, 3학년 재학생 및 2025년 2학기 복학 예정자 - 성적기준 : 전체 학기 백분위 성적 90점 이상
 대학원 - 재단 지정 대학 석사/박사/석박사 통합과정 신입생 및 재학생 ※ 2025년 하반기 기준 마지막 학기 재학생은 지원 불가 ※ 전일제 미취업 일반대학원생(특수 및 전문대학원 제외)만 지원 가능 - 성적기준 : 전체 학기 백분위 성적 90점 이상 ※ 신입생 : 학부/석사 졸업 평점 ※ 재학생 : 재학 전체 평점 - 영어성적 : TOEIC 850점 또는 이에 준하는 공인인증 영어성적 ※ 성적 유효기간 : 2023년 4월 1일 ~ 2025년 4월 16일 *응시기간 기준 ※ 시험별 성적 기준 : TOEFL IBT 90점, IELTS 6.5레벨, NEW TEPS 336점 이상, TOEIC Speaking 150점, OPIC IM3, TEPS Speaking 65점
。 분야
- 지능정보기술 : AI, 블록체인, 클라우드, IoT 등
- 바이오헬스 : 헬스케어, 유전자재조합, 바이오리액터 등
- 기후기술 및 에너지 : 기후변화, 탄소감축, 수소에너지, 스마트그리드, 환경공학 등
※ 해당 연구 시, 소속 전공 구분 없이 선발
。 지원 가능 대학
가천대학교, 가톨릭대학교, 강원대학교, 건국대학교(서울), 경북대학교, 경상대학교, 경희대학교, 고려대학교(서울), 광
운대학교, 국민대학교, 단국대학교, 동국대학교(서울), 부경대학교, 부산대학교, 서강대학교, 서울과학기술대학교, 서울
대학교, 서울시립대학교, 성균관대학교, 성신여자대학교, 세종대학교, 숙명여자대학교, 순천향대학교, 아주대학교, 연세
대학교(서울), 영남대학교, 영산대학교, 울산대학교, 이화여자대학교, 인하대학교, 전남대학교, 전북대학교, 제주대학
교, 중앙대학교, 충남대학교, 충북대학교, 한국외국어대학교, 한림대학교, 한양대학교(서울), 한양대학교 ERICA, 홍익
대학교, DGIST(대구경북과학기술원), GIST(광주과학기술원), KAIST(한국과학기술원), POSTECH(포항공과대학교),
UNIST(울산과학기술원)
▶ 선발 절차
서류심사 (온라인 지원) 2025년 3월 24일(월) ~ 4월 16일(수) 15시
 온라인 인적성 검사 2025년 4월 19일(토) ~ 4월 22일(화)
 1차 합격자 발표 2025년 4월 30일(수) *예정
 전공 면접 2025년 5월 13일(화) ~ 5월 15일(목) 中
 2차 합격자 발표 2025년 5월 22일(목) *예정
 인성 면접 2025년 6월 3일(화) ~ 6월 5일(목) 中
 최종 합격자 발표 2025년 6월 中
 신규 장학생 증서 수여식 2025년 7월 10일(목) *예정 (신규 장학생 필수 참석)
※ 각 전형별 합격자에 한해 차기 전형이 진행되며, 일정은 변동될 수 있습니다.
▶ 제출 서류
학 부 지원서/자기소개서 성적증명서 가족관계증명서 실적 증빙 자료 소득수준 심사 증빙서류
 대학원 지원서/자기소개서 어학성적증명서 가족관계증명서 학업/연구계획서 소득수준 심사 증빙서류 성적증명서 실적 증빙 자료 교수 추천서
※ 제출 서류를 미리 확인하시어, 기한 내 모두 제출할 수 있도록 유의해 주시기 바랍니다.
접수 방법
현대차 정몽구 재단 장학사업 사이트에서 온라인 접수 (www.omkfoundation-scholarship.org)"
10,,"2025년 교통사고 유자녀 장학금 지원사업
「기아드림(Dream) 장학금」 신청 안내
한국사회복지협의회는 기아(주) 노사와 함께 교통사고로 피해를 입은 유
자녀가 경제적 어려움으로 인해 학업을 포기하지 않고 건강한 사회구성원
으로 성장할 수 있도록 「2025년 기아드림(Dream) 장학금 지원사업」 을
추진하오니 많은 관심과 지원(학교, 사회복지기관, 지자체 등) 바랍니다.
*신청서류는 복지넷(bokji.net) - 알림·소식 - 공지사항 에서 다운받을 수 있습니다.
I 지원 개요
가. 대상
○ 교통사고로 인하여 사망하거나 중증후유장애(1~4급)를 입은 사람의 유자녀
○ 교육부장관이 학력을 인정하는 초 · 중등교육법 제2조 및 평생교육법 제2조
제3호의 규정에 의한 초 · 중 · 고등학교에 재학 중인 자 및 고등교육법 제2
조 1~4호에 해당하는 대학교(전문대 포함) 재학 중인 학생(휴학생 신청 불
가함, 학기중 휴학할 경우 전액 환수)
○ 한 세대에 1인만 신청가능하며, 부· 모 사망세대 및 기아자동차 공장 소
재지역(화성시, 광명시, 광주광역시) 학생을 우선 지원
※ 대학생 지원자 유의사항 (대학생은 학교를 통한 신청만 가능함)
- 지원불가 대학 : 사이버 대학, 방송통신대학, 평생교육원(학점은행제), 기술학교,
직업학교에 재학 중인 자
- 휴학 예정자, 초과학기(9학기 이상) 재학생의 경우 신청 불가
- 기초생활수급자 가정의 자녀도 신청 가능하며, 기존 타 장학금 수혜로 인한 등
록금 범위 초과분도 지원 가능(증빙 서류 제출 필요)
나. 지원 세부기준
○ 소득기준
- 아래 ①와 ②의 조건을 모두 충족해야 신청 가능함.
① 가구 월평균 소득이 2025년도 중위소득의 100% 이하
② 가구 월 건강보험료 납부 기준 이하
기준 가구원 수 소득기준 건강보험료 본인부담금(단위: 원)
 직장가입자 지역가입자 혼합
 기준 중위소득 100% 1인 2,393,000 85,040 19,780 -
 2인 3,933,000 139,817 70,053 141,260
 3인 5,026,000 179,415 121,707 181,663
 4인 6,098,000 219,196 154,802 222,417
 5인 7,109,000 252,203 196,416 256,716
 6인 8,065,000 288,617 243,019 295,134
 7인 8,989,000 320,322 280,625 330,765
○ 제외기준
모교의 학칙 위반 및 이로 인한 퇴학, 정학 등의 징계를 받은 경우
- 학업을 중도에 포기하는 경우(휴학의 경우 해당학기 장학금 환수조치)
다. 장학금 규모
○ 지원 금액 및 인원
(단위: 원)
분 류 장학금지원액 선발인원 지급시기
 초등학생 2,000,000 00명 5월 지급 (예정)
 중학생 00명
 고등학생 2,500,000 00명
 대학생 2,3년제 3,000,000 00명
 4년제 5,000,000 00명
- 2 -
접수 방법
II III
가. 신청서 접수
○ 접수기간 : 2025. 03. 20(목) ~ 2025. 04. 21(월) 18:00까지
○ 접수방법 : 기관(학교, 사회복지기관, 지자체 등) 추천을 통한 온라인 접수
※ 온라인접수 링크(https://wwn.ne)/2025년기아드림장학금)
○ 접수서류 : 3개월 이내의 서류를 온라인 접수 시 스캔하여 제출
(서류 부족 및 내용 미흡일 경우 심사에서 탈락될 수 있음)
구분 준비서류 발급처
 공통 필수 제출 서류 1)온라인접수: 공모 사업 접수 사이트(Gwon.net) 한국사회복지협의회, 복지넷 공지사항
 2)장학금 지원 신청서 1부 한국사회복지협의회, 복지넷 공지사항
 3)생계를 같이하는 부모명의 가족관계증명서 및 학생명의 주 민등록등본 1부 행정복지센터
 4)교통사고사실확인원(사본) 및 장애인등록증(사본) 각 1부 관할 경찰서, 병원 등
 5)가정환경 증빙자료(기초생활수급지증명서, 차상위증명 서, 한부모가정증명서, 자활근로자 확인서 등) ※ 위 서류 발급이 불가능한 학생은 건강보험료 납입 증명서 행정복지센터 등 (※ 건강보험공단)
 6)재학증명서 재학 중인 학교
 7)추천기관 또는 장학생 통장 사본 추천기관 및 은행
나. 장학금 지급
○ 추천기관 계좌로 입금(사례관리 의무 부여 차원)
다. 진행 일정
○ 2025. 03. 20(목) ~ 2025. 04. 21(월) : 장학금 신청 공고 및 접수
○ 2025. 4월 말 : 심사위원회 개최(지원 대상자 심사 및 선정)
○ 2025. 5월 초 : 장학금 지급(예정)
유의 사항
O 온라인접수(https://gw.me)/2015년기아드림장학금(및 서류제출 모두 완
료되어야 함
○ 신청은 추천기관(학교 또는 사회복지기관 등)을 통해서만 가능함
○ 추천기관은 사업 종료시점에 정해진 기한까지 결과보고서를 2026년 2월
28일까지 한국사회복지협의회로 발송해야 함
IV 문의
○ 문 의 : 한국사회복지협의회 나눔사업추진단 (02-2077-3962)
- 3 -
- 4 -"
11,,"OPEN 출처표시
공공누리 공공저작물 자유이용허락
2025년 국가우수장학금
(인문100년·예술체육비전)
신규장학생 신청 매뉴얼
2025. 3. 26.(수) 09:00 ~ 4. 16.(수) 18:00
off
kosaf
""
당신의 꿈은
반드시 이루어집니다
KOSAF
I 장학생 선발 안내
사전 준비사항
신청자 본인 (학생)의 인증서 ※ 장학금 수혜를 희망하는 학생 본인이 재단 홈페이지를 통해 직접 신청
신청 소요시간
약 5분 ※ 학업계획서 작성시간 별도 소요
선발대상
대한민국 국적 소지자로서 사업 참여대학의 인문 · 사회계열 또는 예술 및 체육계열 학과(부) 재학생
[인문100년] 인문사회계열 학과(부)에 재학 중인
1학년 신입생 (전공탐색유형 (4년 지원)) 또는 3학년 (전공확립유형 (2년 지원))
[예술체육비전] 예술 및 체육계열 학과(부)에 재학 중인
1학년 신입생 (전공탐색유형 (4년 지원)) 또는 3학년 (전공확립유형 (2년 지원))
※ 지원가능 대학 및 지원자격, 유의사항 등을 반드시 확인 후 신청
※ 재단 홈페이지 내 2024년 업무처리기준 참고
6
당신의 꿈은
반드시 이루어집니다 ""
KOSAF
I. 장학생 선발 안내
필독
선발 제외대상
1. 현재 해당 장학생 자격유지자 또는 기존 해당 장학생으로 선발된 후 영구탈락자
2. 동일학기 한국장학재단에서 운영 중인 타 장학금 수혜자 또는 장학생 자격유지자
3. 국가장학금을 부정수급한 대학 또는 학생
4. 계약학과(등록금 전액/일부지원) 재학생
5. 등록금 전액 면제받는 교육지원대상자(국가유공자, 보훈대상자, 북한이탈주민 등)는
II 유형 선발 대상에서 제외
※ 세부내용 업무처리기준 참고
당신의 꿈은
반드시 이루어집니다 ""
KOSAF
II. 장학생 선발 프로세스
대학 재단 대학 재단
대학별
사업참여
자체선발· 추천
신청
대학별 장학생
배정인원 최종선정 및 발표,
학생 학생
안내 장학금 지원
희망자 추천대상자 추가신청
사전신청 ※ 대상: 대학 자체선발기준에 따라
추천된 자 중 사전신청기간 내 미신청자
3~4월 5월 5~6월 6월
' '
당신의 꿈은
반드시 이루어집니다 ""
KOSAF
III. 학생신청 프로세스
한국장학재단 홈페이지 접속 (http://www.kosaf.go.kr) 및 로그인
푸른동대 다시 대한민국!
한국장학재단 새로운 국민의 나라 ○ 통합검색 品 나의 KOSAF
1 장학금 � 학자금대출 V 인재육성 V 기부 � 기숙사 V 고졸만JOB � 고객센터 재단소개 V 정보공개 V
장학금 소개 소득연계형 국가장학금 국가근로 및 취업연계 국가우수 장학금 장학금신청 증명서발급
장학금
학자금 지원구간 국가장학금 알리미 대학원대통령과학장학금 신청가이드 신청증명서발급
국가근로장학금
한눈에 보는 학자금 국가장학금 I유형 대통령과학장학금 신청서작성 장학증서발급
지원구간 (학생직접지원형) 중소기업 취업연계 장학금
종합조회 증명서발급
(희망사다리 I유형)
나의 학자금 지원구간 확인 국가장학금 �유형
인문100년장학금 신청현황 학자금 지원구간 통지서
(대학연계지원형) 고졸 후학습자 장학금 2 발급
학자금 지원구간 최신화
(희망사다리 �유형) 예술체육비전장학금 국가장학금 진행현황
신청 국가장학금 �유형(신·
학자금 중복지원방지
편입생지원) 고교 취업연계 장려금 우수고등학생 애외유악 선정결과
(가구원용)가구원 정보제공
장학금(드림장학금) 중복지원방지 제도 안내
동의현황 및 동의하기 다자녀 국가장학금 현장실습 지원금 수혜내역
전문기술인재장학금 중복지원현황 조회
(학생용)가구원 정보제공 지역인재장학금 현장실습 기업현장교육 지원 서류제출현황
동의현황 복권기금 꿈사다리 장학금 분할상환약정신청
주거안정장학금 기부장학금 계좌정보수정
국외 소득·재산 신고 현황 상환유예 및 채무승인 신청
주거안정장학금 소개 푸른등대 기부장학금
국외 소득·재산 신고결과 통학로(路)(통합 학생지원
푸른등대 기부장학금
모니터링 정보로)
(해외탐방)
가구원 학자금 지원구간 통학로 홈
산정 현황
학자금지원정보찾기
청년지원정보찾기
인문100년장학금
>
>
3 신청하기
인문사회계열 우수학생에게 학자금을 지원하여 인문학 소양을 갖춘 인재 양성
신청현황
일정
수혜내역
· 2024년도 국가우수장학금(인문100년) 신규장학생 사전 신청
- (신청기간) 2024. 3. 19.(화) ~ 2024. 4. 5.(금)
증명서 발급
※ 각 항목을 클릭하시면 자세한 내용을 보실 수 있습니다.
선정 결과
지원대상 지원규모 지원절차 제출서류
온라인 상담
지원대상
공지사항
신규장학생
생활비(구. 학업장려비) 관리
· (지원대상) 대한민국 국적 소지자로서 국내 4년제 대학 인문·사회계열 학과(부)에 재학 중인 1학년 또는 3학년
※ 계열구분은 선발년도 대학별 학과계열 분류체계에 따름
· (지원유형) 장학생(전공탐색) 전환
전공탐색 I- 11유형(최대 4년 지원) : 1학년 신입생 관리
■ 전공확립 I - 11유형(최대 2년 지원) : 3학년 재학생
※ I유형: 등록금 + 생활비 지원, II유형: 등록금 지원
진도보고서 관리
· (기본자격)
>
>
>
>
>
>
>
>
① 장학금 → ② [국가우수 장학금] 인문100년 장학금 또는 예술체육비전 장학금 → ③ 신청하기
KOSAF
""
당신의 꿈은
반드시 이루어집니다 ""
III. 학생신청 프로세스
신청서작성
신청매뉴얼보기 > 신청가이드 바로가기 전자서명수단 안내 >
소득연계형 국가장학금 국가우수장학금 취업연계장학금 국가근로장학금
국가장학금 I 유형(학생직접지원형) 대학원대통령과학장학금 신청 중소기업 취업연계 장학금 국가근로장학금
신청 신청
국가장학금�유형(대학연계지원형) (희망사다리 I유형) (1차, 2차 통합신청)
신청
다자녀 국가장학금 대통령과학장학금 신청
고졸 후학습자 장학금 국가근로장학금(상시)
지역인재장학금 신청
(희망사다리�유형) 취업연계중점대학, 장애대학봉사유형, 신청
국가우수장학금(이공계) 신청 외국인유학생봉사유형, 일반유형(추가)
법학전문대학원장학금 신청
고교 취업연계 장려금 신청
4 인문100년장학금 신청
I 인재육성
신·편입생지원
현장실습 지원금 신청
(국가장학금 수혜 희망 시 신청 예술체육비전장학금 신청
통합신청으로 신청 필요) 다문화탈북학생멘토링장학금 신청
현장실습 기업현장교육 지원
신청
우수고등학생 해외유학장학금(국내) 신청 기업현장교사용
국가장학금 다학기 신청 신청 대학생 청소년교육지원 장학금 신청
우수고등학생 해외유학장학금(해외) 신청
푸른등대 기부장학금
전문기술인재장학금 신청
푸른등대 삼성기부장학금 신청
푸른등대 기부장학금 신청
푸른등대 꿈이름 장학금 신청
④ 해당 장학금 (인문100년 또는 예술체육비전) 확인 및 [신청] 클릭
KOSAF
""
당신의 꿈은
반드시 이루어집니다 ""
III. 학생신청 프로세스
STEP1 약관동의
2025 년도1 학기 신청입니다.
학생명 주민등록번호
신청상품 인문100년장학금 신청일자 2025-03-04
신청구분 전공탐색 ○ 전공확립 ①
※ I·II유형 선택불가
- 대학별 자체 선발 완료 후 유형 확정
- 사전신청 완료 시, 신청현황에 ""전공탐색(II유형) / 전공확립(II유형)""으로 우선 표기됨에 유의
O 개인정보제공 및 약관동의 ②
개인(신용)정보의 수집제공활용 및 조회에 동의 하시겠습니까? 내용확인>
 예, 내용에 동의합니다. □ 아니오
신청인 동의서 안내를 충분히 읽고 이해하셨습니까? 내용확인 >
□ 예, 내용에 동의합니다. □ 아니오
※ 학점은행제 학자금대출 관련 안내사항(신청인 동의서 포함내용)
중복지원 방지사업 업무처리기준에 따라, 재단에서 지원하는 학점은행 학습자 학자금대출과 재단 학자금(장학금, 대출)을 동일 학기에 동시 수혜할 수 없습니다.
동일 학기에 학점은행제 학습자 학자금대출을 실행할 경우, 장학금 지급이 제한될 수 있으며, 최종 중복지원이 확인될 경우, 한 개 학적을 선택하고 그 외의 학적에 대한 재단 지원금액을 즉시반환하여야
하여야 합니다.
2025년도 국가우수장학사업 신규 선발 가능 대학 내용확인 >
※ 2025년 정부재정지원제한 대학 소속 학생은 신규 선발 불가
본인은 위 내용에 동의하며 신청서에 필요한 정보를 누락 없이 사실만을 입력하겠습니다.
누락 및 사실 아닌 내용 입력으로 신청이 거절 될 수 있음을 인정합니다.
3 전자서명 동의 > 취소 >
① 신청상품 확인 및 신청구분 선택
※ 신청상품 및 신청구분(유형)은 수정 불가(신청취소 후 재신청 필요)
② 개인정보제공 및 약관 동의
③ 전자서명 동의(신청자 명의 (학생 본인)의 인증서 확인)
""
당신의 꿈은
반드시 이루어집니다 ""
III. 학생신청 프로세스
STEP2 개인정보입력
2025 년도 1학기 신청입니다.
이름 주민등록번호
신청상품 인문100년장학금 신청일자 2025-01-15
신청구분 전공탐색
개인정보 ①
전화번호 円 휴대폰번호 010 1234 5678 巴 인증
이메일 @ 직접입력
41200 우편번호찾기>
실거주지 주소
대구 동구 신암로 125 (신암동)
기초생활수급여부 ○ 기초생활수급자 해당없음
- 실거주지 주소로 우편물이 발송됩니다.
■ 실거주지 주소가 다른 경우 변경해 주십시오.
계좌정보 2
등록계좌
이용하실 계좌번호를 선택하세요 - 신규입력>
계좌선택 본인명의 계좌를 등록하셔야 합니다.
■ 신청기간 종료 후 입금계좌 변경이 불가하오니 주의하시기 바랍니다.
취소 > 확인 >
① 학생 본인의 휴대폰번호*, 이메일, 실거주지 주소,
기초생활수급자여부 입력
* 학생 명의 휴대폰번호 인증을 통해 장학금 신청자가 학생 본인인지 확인
② 학생 본인 계좌 입력 및 확인
KOSAF
""
당신의 꿈은
반드시 이루어집니다 ""
III. 학생신청 프로세스
STEP3 학교정보입력
2025년도 1학기 신청입니다.
이름 주민등록번호
신청상품 인문100년장학금 신청일자 2025-01-15
신청구분 전공탐색
학교정보 1
소속대학 테스트대학교(본교) 학부 검색 > 단과대학
* 학과/전공 입력시자동 입력됨
학과/전공 테스트 검색 > 권역 기타
학번 학년 1학년 2
이전 > 취소 > 확인 >
① 소속대학, 학과/전공, 학번 입력
※ 단과대학: 학과/전공 입력 시 자동 입력
② 학년 입력
: 본인 학년과 신청유형이 일치하는지 확인 필수
※전공탐색 유형=1학년
※전공확립 유형=3학년
※ 유형 및 학년을 잘못 선택하여 신청한 경우, 탈락 사유가 될 수 있으니 반드시 정확하게 기입
KOSAF
""
당신의 꿈은
반드시 이루어집니다 ""
III. 학생신청 프로세스
STEP4 서류제출
2024년도 1학기 신청입니다.
이름 주민등록번호
신청상품 인문100년장학금 신청일자 2025-01-15
신청구분 전공탐색
파일첨부
[미등록]
파일선택 선택된 파일 없음 파일등록 >
정보표 일의 최대 용량은 10MB입니다.(등록 누가 형식: hwp, doc, docx)
학업계획서
파일 첨부 후 파일 등록을 클릭해야 파일이 등록됩니다.
· 파일을 등록 후 [파일등록완료]를 클릭하시면 첨부파일을 확인 하실 수 있습니다.
■ 등록하신 파일의 이름은 정해진 규칙에 의해 자동으로 바뀌게 됩니다.
학업계획서 양식 : [hwp 내려받기] > [docx 내려받기]>
※ 서류제출 관련 안내 사항
재단 홈페이지 필수 공통 제출서류(학업계획서) 외 대학별 자체선발 심사기준에 따른 평가를 위해 소속대학에서 요청하는 서류가 있는 경우, 제출 필요서류를 대학에 확인하여 대학으로 제출
O 타장학금 수혜여부
타장학금 수혜여부 ③ ● 해당없음 타장학금 수혜중 (또는 수혜예정)
타장학금 수혜자 선정 불가 안내
학부과정 졸업까지 소속대학 또는 타 장학기관 (정부,민간 등)으로 부터 전액 장학생 또는 전액 학비 감면 수혜자로 선정된 경우 본 장학금 신청은 가능하나, 타 장학금 포기 및 반납시에만 최종
선발됩니다. 소속대학 입학요강에 의거 해당 증서를 교부하였거나 등록금 고지서에 명시되어 있는 경우도 위 내용에 포함됩니다.
① [파일선택] 클릭 및 본인이 작성한 학업계획서 선택
※ 학업계획서 외 대학자체선발에 필요한 서류는 대학으로 제출
② [파일등록] ※ 파일등록 눌러야 파일 업로드됨
③ 타장학금 수혜여부 선택
※ '타장학금 수혜 중(또는 수혜예정)'을 선택할 경우,
타장학금의 수혜정보를 입력한 후 타장학금 수혜 포기 동의 필요
이전 > 취소 > 확인 >
""
당신의 꿈은
반드시 이루어집니다 ""
KOSAF
III. 학생신청 프로세스
STEP5 신청정보 확인
STEP6 신청완료
2024년도 1학기 신청입니다.
 이름  주민등록번호 
 신청상품 인문100년장학금 신청일자 2025-01-15
 신청구분 전공탐색
 · 개인정보
 전화번호  휴대폰번호 010-1234-5678
 이메일 
 실거주지 주소 대구 동구 신암로 125 (신암동)
 기초생활수급여부 해당아님
 계좌정보
 등록계좌 
 대학교 정보
 소속대학  단과대학 
 학과/전공  권역 
 학번  학년 1 학년
 파일첨부
 학업계획서 JH0079172939_ 1736906090067.hwp
 . 타장학금 수혜여부
 타장학금 수헤여부 해당없음
 · 타장학금 수혜자 선정 불가 안내 학부과정 졸업 시까지 소속대학 또는 타 장학재단(정부, 민간 등)으로부터 전액 장학생 또는 학비 감면 수혜자로 선정된 경우에는 동 장학제도에 신청은 가능하나, 타 장학금 중복지원 해소 시 국가우수장학금 수혜 가능 · 계약학과 소속 장학생 선정 불가 안내 계약학과(등록금 전액지원/일부지원) 선발 제외 · 국가유공자, 보훈대상자, 북한이탈주민 등 타 법령에 의한 교육지원대상자 [국가유공자 등 예우 및 지원에 관한 법률」제25조, 「보훈보상대상자 지원에 관한 법률」제29조, 「북한이탈주민의 보호 및 정착지원에 관한 법률」제24조 등 다른 법령에 따라 등록금을 감면받는 교육지원대상자의 경우, 해당 등록금 감면 혜택을 미신청하거나 포기하더라도 국가우수장학금(인문100년, 예술체육비전)줄 통한 등록금 지원 불가(등록금 학생부담분, 생활비에 한해 지원 가능)
이전 취소 확인 >
2024년도 1학기 신청입니다.
장학금 신청이 정상적으로 완료 되었습니다.
한국장학재단은 우수학생 선발 및 지원을 위한 공정하고 투명한 심사를 수행하고 있습니다.
앞으로도 우수인재 양성 및 지원에 최선을 다하겠습니다.
감사합니다.
신청현황 신청서 출력
① 신청정보 최종 확인 후, 신청자(학생 본인) 인증서 동의
② 신청완료 확인
""
당신의 꿈은
반드시 이루어집니다 ""
III. 학생신청 프로세스
STEP7 마이페이지 〉 신청현황
신청현황
장학금 신청 현황 국가장학금 진행현황바로가기 >
님, 총 20건의 장학금 신청 정보가 있습니다.
①
선택 장학상품 신청대학 신청학기 신청일자 신청마감일자 회차 상태
인문100년장학금(전공탐색(I유형)) 대학교(본교) 학부 2024년 1학기 2025-01-15 2025-03-31 신청완료
○ 국가근로장학금 테스트대학교(본교) 학부 2025년 1학기 2025-01-09 2025-01-31 신청완료
○ 다문화탈북학생멘토링장학금 테스트대학교(본교) 학부 2025년 1학기 2025-01-02 2025-08-31 신청취소
○ 다문화탈북학생멘토링장학금 테스트대학교(본교) 학부 2025년 1학기 2025-01-02 2025-08-31 신청취소
○ 다문화탈북학생멘토링장학금 테스트대학교(본교) 학부 2024년 2학기 2025-01-02 신청완료
O 국가장학금I유형 테스트대학교(본교) 학부 2024년 2학기 2024-08-13 2024-11-01 서류 미제출
○ 국가근로장학금 테스트대학교(본교) 학부 2024년 2학기 2024-08-13 2024-09-11 근로대기
○ 국가근로장학금 테스트대학교(본교) 학부 2024년 2학기 2024-08-02 2024-09-11 신청취소
○ 대학생 청소년교육지원 장학금 테스트대학교(본교) 학부 2024년 1학기 2024-08-02 신청취소
국가근로장학금
테스트대학교(본교) 학부 2024년 1학기 2024-08-02 2024-08-31 신청취소
(취업연계지원유럽, 장애대학생 봉사 유럽, 외국인유학생 봉사 유럽, 일반유럽(추가)
대학생 청소년교육지원 장학금 테스트대학교(본교) 학부 2024년 1학기 2024-08-02 신청취소
하단
① 본인이 신청한 장학금 확인* 및 선택
* 사전신청 완료 시, 상품유형 ""전공탐색 (II유형) / 전공확립(II 유형) ""으로 우선 표기
→ 대학별 자체 선발 완료 후 최종 유형 확정
※ 오프라인으로 신청서 발급을 원하실 경우 한국장학재단으로 문의바랍니다.
※ 대학원대통령과학장학금 신규장학생 선발을 위한 주요 상태명에 대한 안내는 다음과 같습니다.
· 신청완료: 대학원대통령과학장학금 신규장학생 신청을 완료한 상태입니다.
· 심사중: 대학원대통령과학장학금 요건심사 혹은 서류 및 면접심사 중입니다.
· 1차평가합격: 대학원대통령과학장학금 서류심사에서 합격하였습니다.(면접안내사항을 확인해주시기 바랍니다)
· 1차평가불합격: 대학원대통령과학장학금 서류 심사(요건심사 포함)에서 불합격하였습니다.
· 합격: 대학원대통령과학장학금 심사에서 합격하였습니다.(최종합격까지 안내에 따라 추가서류 제출이 필요할 수 있습니다.)
· 불합격: 대학원대통령과학장학금 심사에서 불합격하였습니다.
· 신청취소: 대학원대통령과학장 규장학생 신청을 취소한 상태입니다.
② 스크롤 하단 [신청서수정]/[신청서취소] 가능
※ 사전신청 기간 동안 신청서 수정, 취소, 재신청 가능
※ 사전신청 마감 이후 수정 불가
2
서류제출 > 신청서보기 신청서수정 > 신청서취소 > 신청서인쇄 >
"" 당신의 꿈은
반드시 이루어집니다 ""
KOSAF
IV. FAQ
Q1. 2학년/4학년입니다. 장학금을 신청할 수 없나요?
[인문100년]
☞ 인문사회계열 학과(부)에 재학 중인 1학년 신입생(전공탐색), 3학년(전공확립)만 신청이 가능합니다.
[예술체육비전]
☞ 예체능계열 학과(부)에 재학 중인 1학년 신입생(전공탐색), 3학년(전공확립)만 신청이 가능합니다.
Q2.  유형으로 신청하고 싶은데, 사전신청 시에는 선택할 수 없나요?
☞ 사전신청 시에는  · II 유형 선택 불가하며, 모든 학생이 II 유형으로 우선 신청됩니다.
대학 자체 선발 완료 후, 고득점자 순으로 선순위는  유형, 후순위는 II 유형으로 확정됩니다.
IV. FAQ
Q3. 신청을 위한 필수 제출 서류가 있나요?
☞ 장학금 신청을 희망하는 학생은 홈페이지 사전신청 시 '학업계획서'를 필수로 제출하여야 합니다.
☞ 또한, 장학생 선발은 대학별 자체선발기준에 따라 대학에서 선발심사를 진행하므로
소속대학에서 요청하는 추가 서류가 있을 경우 개별적으로 대학에 제출하시면 됩니다.
(자세한 내용은 홈페이지> 제출서류 참고)
Q4. 학교를 옮길 예정입니다. 옮긴 후에도 계속 수혜가 가능한가요?
소속 대학이 변경되는 경우, 수혜 중인 국가우수장학금 장학생 자격을 상실 (영구탈락)하게 됩니다.
(자세한 내용은 신청인 동의서 또는 업무처리기준 참고)
※ [업무처리기준 확인] 홈페이지 〉 장학금 〉 인문100년 또는 예술체육비전 〉 '상세설명' (화면 우측하단) 클릭
IV. FAQ
Q5. 국가우수장학금 사전 신청이란 무엇인가요?
☞ 국가우수장학금(인문100년, 예술체육비전)은 대학의 사업 참여 신청 후, 재단이 대학별로 선발 가능한
장학생 인원을 배정하여 선발하게 됩니다.
☞ 사전 신청이란 대학의 사업 참여여부와 관계없이 학생들이 장학금을 신청할 수 있도록 함으로써
대학에서 재학생의 본 장학금 희망수요를 확인하여 사업에 참여할 수 있도록 하는 제도입니다.
(대학이 사업참여 신청 후 장학생 선발인원을 배정받은 경우 장학생 선발 가능)
Q6. 타 장학금 수혜 시 우수장학금을 수혜할 수 없나요?
☞ 우수장학생 (인문100년 및 예술체육비전) 선발 후 타장학금을 포기 및 반환하면
우수장학금 수혜 가능합니다.
우수장학금은 등록금 전액 지급(일부 지급 불가)이 원칙이므로 타장학금 반환이 필수입니다.
IV. 학생신청 관련 Q&A
Q7. 신규 장학생 선발 후, 다음 학기 장학금을 또 신청해야 하나요?
별도 신청 없이 계속장학생 심사 기준을 충족할 경우 장학금 지급됩니다.
단, 학적변동 (휴학 등)이 발생할 경우 학교에 문의하시기 바랍니다.
선발 연도 및 선발 유형 (전공탐색 ·전공확립)에 따라
중간평가서 및 진도보고서 등 서류제출이 필요한 학기가 있으니 유의하시기 바랍니다.
감사합니다."
12,,"양재단
2025년 우양재단, 자매애 장학생 모집 안내
2025년도 우양재단의 '자매애 장학생'을 모집합니다. '자매애 장학금'은 우양재단의 기명 장학금의 하나로 여러 후원자분들이 뜻
을 모아 모자가정 여성가장의 딸로서 열심히 노력하는 우수한 청년들을 위해, 디자인한 장학금입니다. 해당하는 학생들의 많은
지원 바랍니다.
■ 모집대상 (아래 조건을 모두 만족해야 함)
· 모자가정 여성가장의 딸로서 가정형편이 어렵지만 학업성적이 우수하고, 사회환원 의식이 투철한 학생
· 서울/경기/인천/충청/강원 지역 정규 4년제 대학의 4학년 1학기(7학기) 재학 중인 학생
· 직전학기 성적 3.0/4.5 이상인 학생(4.3만점의 경우 환산점수 84점 이상인 자)
· 2025년 1학기 기준 학자금 지원구간 4분위 이하(중위소득 90% 이하)
· 제출 서류를 완벽히 제출한 자
■ 접수기한
2025년 4월 4일(금) 밤 11시 59분까지 * 단, 접수에 관한 문의는 오후 6시까지만 받습니다.
■ 제출서류 * 제출서류 체크리스트 참고
① 장학금신청서 + 자기소개서(첨부양식 참조)
② (모 명의)가족관계증명서
③ (본인 명의)주민등록등본
④ 재학증명서(국문, 25년 2월 이후 발급)
⑤ 성적증명서(국문, 전체학기 명시)
⑥ 신분증 및 통장사본(학생 본인 명의)
⑦ 경제형편 증빙서류 (수급자, 차상위, 한부모증명서, 학자금지원구간확인서(4분위 이하) 중 해당되는 서류 1부)
⑧ 개인정보 수집 이용 활용 동의서
※ 신청서를 포함한 모든 제출서류는 사진촬영이 불가합니다. 스캐너를 이용하여 스캔하거나 원본파일을 제출해주세요.
■ 지원기간 및 지원 금액
- 지원기간: 1년(총 2학기) / 선발된 학기 휴학 시, 장학생 탈락
- 지원금액: 한 학기당 학업장려금 1,500,000원 지급(이중 수혜 가능) / 1년간 총 3,000,000원
■ 신청서 접수
① 우양재단 홈페이지(www.wooyang.org) 공지사항에 해당 장학 모집 공고 클릭
② 첨부된 신청 양식 파일 다운로드 후 작성 및 필수서류 구비
③ 필수서류와 신청서를 압축하여 하나의 파일로 만들고 파일명을 양식에 맞게 변경
④ 각 장학 공지에 있는 '신청하기' 버튼을 눌러 온라인 신청서 작성 및 제출서류 업로드
⑤ 입력 정보 최종 검토 후 제출
■ 기타
- 합격자 발표: 2025년 4월 28일(월), 우양재단 홈페이지 공지사항 *변동가능
- 장학생 선발 후 우양재단 오리엔테이션(5월 온라인으로 진행 예정) 및 전체 장학생 수여식(8월 예정)에 필수 참석
(불참 시 2학기 장학금 지급 불가)
■ 문의 *학생 직접 문의만 가능
카톡문의(ID): wylearn
- 전화문의: 장학담당자 02-333-1287 (평일 9:00~18:00, 12:00~13:00제외)
양재단
2025년 우양재단 자매애 장학생 지원서
소 속 : 학년 대학교 ( 캠퍼스)
 성 명 :
◎ 제출서류 체크리스트 - 첨부 여부를 체크하세요
NO 서류명 첨부여부 비고
 1 장학금신청서 + 자기소개서  * 공란 없이 작성. 신청서 내 서명 * 자소서는 A4 3장 내외
 2 가족관계증명서  * 모 명의로 발급(형제자매 보이도록) * 본인 주민등록번호 뒷자리 열람 가능하게 제출
 3 주민등록등본  * 본인 명의 발급
 4 재학증명서(국문)  * 2025년 2월 이후 발급서류여야 함
 5 성적증명서(국문)  * 직전학기 성적: /4.5 or /4.3 (백분위 환산점수 점) * 전체학기 열람 가능해야 함
 6 신분증, 통장사본  * 신청학생 본인명의로 제출 * 구글에 작성한 계좌와 동일해야 함
 7 가정 경제 형편 증명 서류 ① 수급자증명서 차상위계층증명서 or or 한부모가족증명서 ( 통) * 따로 등록되어 제출 가능한 자 * 본인 명의 발급
 ② 학자금지원구간통지서  25년 1학기 소득구간 분위 (4분위 이하) * 전체 학기 열람으로 발급
 ③ 부채증명서 ( 통) * 해당자만 제출
 8 개인정보 수집 이용 활용 동의서  
 9 기타 서류 * 수상, 입상, 표창, 봉사활동 등 증빙서류 첨부 시 기재
★ 서류 제출 시 주의사항 ★
※ 가정경제형편을 증명하는 서류인 7번의 경우는 ①과 ②중 해당되는 서류를 1가지 이상 제출할 것
※ 서류 체크리스트에 필히 첨부여부를 표시할 것.
※ 모든 증빙서류는 온라인 발급 원본파일 제출 또는 오프라인으로 발급한 원본을 스캔한 사본(pdf)으로 제출.
모든 서류는 사진촬영본 제출을 금합니다.
(제출서류가 임의로 수정/편집함, 내용 일부 소실 또는 가려짐, 화질저하로 식별불가, 사진촬영본일 경우, 서류 미제출로 간주함)
※ 증빙서류는 모집공고일 기준으로 3개월 이내에 발급한 서류만 그 증빙 효력을 인정하며, 각 서류의 내용을
보증하는 직인(또는 서명)이 반드시 있어야 함. (재학증명서는 25년 2월 이후 발급서류만 인정)
※ 모든 서류의 원본은 보관해두었다가 장학생 최종 선발 후 우편으로 제출하며, 기존 제출한 신청서류와 내용이
다를 경우 선정 취소 및 장학금 회수될 수 있음
※ 신청서 작성 시, 본인서명 필수
양재단
자매애 장학금 신청서
성 명  주민등록번호 
 연락처 집: 휴대폰: e-mail:
 주 소 
 소 속 대학교( 캠퍼스) 과(부) 학년 학기
 성 적 직전학기 평점 전체학년 평균평점 전체학년 환산점수(백분위점수)
 /4.5 or /4.3 (백분위 환산점수 점) /4.5 or /4.3 (백분위 환산점수 점) /100
 가 정 사 정 보호자 이름 연락처 보호자
 가족월평균수입 만원  내용 정부지원 원 /근로수입 원 /후원금 원
 재산세 (가족전체합) ①20만원미만 ②20-50만원 ③51-80만원 ④80만원초과 부채 원(₩ )
 주거형태 ①아파트 ②임대아파트 ③공용주택 ④단독주택
 주거상황 ①자가 ②전세 ③월세 ④기타( )
 ①②의 경우 건물: 평 시가 또는 보증금: 원
 ③④의 경우 임차면적: 평 보증금: 원 월세: 원
 가족성명 (동거인포함) 관계 생년월일 학력 직업(직종 등 구체적으로) 월소득 비고
  
 ※ 아래 해당하는 내용을 입력해주세요. 작성할 내용이 없을 경우, 공란에 '해당없음'을 적어주세요.
 취 미  특 기 
 수상·입상·표창 
 재학 중 학업계획 
 졸업 후 진로계획 
 소속 동아리/단체 
 본 인 활 동 사회 공헌 활동 활 동 기 간 활 동 내 역
본인은 위의 모든 사실을 정직하게 작성하였으며, 추후 장학생으로 선발 된 후에도 사실과 다른 점이 발견되어 장
학금 지원이 중단되어도 이의를 제기하지 않겠음을 서약합니다.
작성일: 년 월 일
작성자: (인 또는 서명)
우양재단 귀중
우양재단
[ 자기소개서 ]
※ 기본적인 자기소개, 본인의 미래 계획 등의 내용이 포함되도록 작성하시되, 아래 질문에 벗어나지 않게 답변해 주
세요. (총 3장 이내로 작성하며 맑은고딕, 여백, 줄 간격(160%), 장평, 자간, 글자크기(10pt) 변경하지 말 것)
1-1. 자신에 대해 소개해 주세요.
(학업현황, 성격, 가족현황, 경제현황 등을 구체적으로 기술해 주세요)
1-2. 장학금이 필요한 이유에 대해 구체적으로 작성해주세요.
우양재단
2. 본인의 전공 혹은 본인이 현재 쌓아가는 전문적인 지식을 고려하여, 스스로 계획하고 있는 가까운 미래(5년
이내)의 계획을 구체적으로 적어주세요.
3. 장학금을 받을 경우 현재 본인의 삶 중 가장 크게 변화할 부분은 무엇이며, 이 경우 재학 중 가장 하고 싶은
일은 무엇인가요? 그 이유를 적어주세요.
우양재단
4. 위 질문 외에 본인을 소개하고 싶은 기타 내용이 있으면 자유롭게 적어 주세요.
5. 우양재단에서는 사회환원 의식을 가지고 세상에 나눔을 실천하고 있는 대학생을 선발하고자 합니다. 본인이
생각하는 사회환원은 무엇인지, 또한 사회환원과 관련된 본인의 경험과 앞으로의 계획에 대하여 구체적으로
설명해 주세요(사회환원 경험을 증명할 수 있는 자료- 사진, 증명서, 영상 등-자유롭게 첨부가능/필수 아님).
* 참고
우양에서 생각하는 사회환원이란?
단순한 봉사활동만이 아니라, 다양한 지식과 경험을 바탕으로 사회와 그 사회의 구성원들에게 도움이 되는 모든 활
동을 의미합니다."
